id,domain,phase,method,current_path,target,status,evidence,checked_at
EP-001,F01,P2,GET,/api/accounts,/accounts,done,P0-domain-account,2026-10-02T19:08:38.344Z
EP-002,F01,P2,POST,/api/accounts,/accounts,done,P0-domain-account,2026-10-02T19:08:38.344Z
EP-003,F01,P2,DELETE,/api/accounts/:id,/accounts/:id,done,P0-domain-account,2026-10-02T19:08:38.344Z
EP-004,F01,P2,GET,/api/accounts/:id,/accounts/:id,done,P0-domain-account,2026-10-02T19:08:38.344Z
EP-005,F01,P2,PUT,/api/accounts/:id,/accounts/:id,done,P0-domain-account,2026-10-02T19:08:38.344Z
EP-006,F01,P2,POST,/api/accounts/:id/proxy-check,/accounts/:id/proxy-check,wip,,
EP-007,F01,P2,POST,/api/accounts/:id/proxy-test,/accounts/:id/proxy-test,wip,,
EP-008,F01,P2,POST,/api/accounts/:id/set-default,/accounts/:id/set-default,wip,,
EP-009,F01,P2,POST,/api/accounts/:id/verify,/accounts/:id/verify,done,P0-domain-account,2026-10-02T19:08:38.344Z
EP-010,F01,P2,GET,/api/accounts/proxy-status,/accounts/proxy-status,wip,,
EP-011,F01,P2,POST,/api/accounts/proxy/test,/accounts/proxy/test,wip,,
EP-012,F01,P2,GET,/api/endpoint-config,/endpoint-config,wip,,
EP-013,F01,P2,POST,/api/verify-auth,/verify-auth,wip,,
EP-014,F01b,P3,GET,/api/ovh/account/bills,/ovh/account/bills,wip,,
EP-015,F01b,P3,GET,/api/ovh/account/credit-balance,/ovh/account/credit-balance,wip,,
EP-016,F01b,P3,GET,/api/ovh/account/email-history,/ovh/account/email-history,wip,,
EP-017,F01b,P3,GET,/api/ovh/account/info,/ovh/account/info,wip,,
EP-018,F01b,P3,GET,/api/ovh/account/orders,/ovh/account/orders,wip,,
EP-019,F01b,P3,GET,/api/ovh/account/refunds,/ovh/account/refunds,wip,,
EP-020,F01b,P3,GET,/api/ovh/account/sub-accounts,/ovh/account/sub-accounts,wip,,
EP-021,F01b,P3,GET,/api/ovh/contact-change-requests,/ovh/contact-change-requests,wip,,
EP-022,F01b,P3,GET,/api/ovh/contact-change-requests/:task_id,/ovh/contact-change-requests/:task_id,wip,,
EP-023,F01b,P3,POST,/api/ovh/contact-change-requests/:task_id/accept,/ovh/contact-change-requests/:task_id/accept,wip,,
EP-024,F01b,P3,POST,/api/ovh/contact-change-requests/:task_id/refuse,/ovh/contact-change-requests/:task_id/refuse,wip,,
EP-025,F01b,P3,POST,/api/ovh/contact-change-requests/:task_id/resend-email,/ovh/contact-change-requests/:task_id/resend-email,wip,,
EP-026,F02,P2,GET,/api/availability/*planCode,/availability/*planCode,todo,,
EP-027,F02,P2,POST,/api/availability/*planCode,/availability/*planCode,todo,,
EP-028,F02,P2,GET,/api/catalog,/catalog,todo,,
EP-029,F03,P2,GET,/api/servers,/servers,todo,,
EP-030,F03,P2,POST,/api/servers/:planCode/price,/servers/:planCode/price,todo,,
EP-031,F04,P2,DELETE,/api/purchase-history,/purchase-history,todo,,
EP-032,F04,P2,GET,/api/purchase-history,/purchase-history,todo,,
EP-033,F04,P2,POST,/api/purchase-history/refresh-status,/purchase-history/refresh-status,todo,,
EP-034,F04,P2,GET,/api/queue,/queue,todo,,
EP-035,F04,P2,POST,/api/queue,/queue,todo,,
EP-036,F04,P2,DELETE,/api/queue/:id,/queue/:id,todo,,
EP-037,F04,P2,PUT,/api/queue/:id/interval,/queue/:id/interval,todo,,
EP-038,F04,P2,PUT,/api/queue/:id/status,/queue/:id/status,todo,,
EP-039,F04,P2,DELETE,/api/queue/clear,/queue/clear,todo,,
EP-040,F04,P2,POST,/api/queue/quick-order,/queue/quick-order,todo,,
EP-041,F04,P2,GET,/api/queue/timings,/queue/timings,todo,,
EP-042,F05,P2,POST,/api/internal/monitor/price,/internal/monitor/price,todo,,
EP-043,F05,P2,PUT,/api/monitor/interval,/monitor/interval,todo,,
EP-044,F05,P2,POST,/api/monitor/start,/monitor/start,todo,,
EP-045,F05,P2,GET,/api/monitor/status,/monitor/status,todo,,
EP-046,F05,P2,POST,/api/monitor/stop,/monitor/stop,todo,,
EP-047,F05,P2,GET,/api/monitor/subscriptions,/monitor/subscriptions,todo,,
EP-048,F05,P2,POST,/api/monitor/subscriptions,/monitor/subscriptions,todo,,
EP-049,F05,P2,DELETE,/api/monitor/subscriptions/:planCode,/monitor/subscriptions/:planCode,todo,,
EP-050,F05,P2,PUT,/api/monitor/subscriptions/:planCode,/monitor/subscriptions/:planCode,todo,,
EP-051,F05,P2,GET,/api/monitor/subscriptions/:planCode/history,/monitor/subscriptions/:planCode/history,todo,,
EP-052,F05,P2,POST,/api/monitor/subscriptions/batch-add-all,/monitor/subscriptions/batch-add-all,todo,,
EP-053,F05,P2,DELETE,/api/monitor/subscriptions/clear,/monitor/subscriptions/clear,todo,,
EP-054,F05,P2,POST,/api/monitor/test-notification,/monitor/test-notification,todo,,
EP-055,F06,P2,POST,/api/vps-monitor/check/:plan_code,/vps-monitor/check/:plan_code,todo,,
EP-056,F06,P2,PUT,/api/vps-monitor/interval,/vps-monitor/interval,todo,,
EP-057,F06,P2,GET,/api/vps-monitor/models,/vps-monitor/models,todo,,
EP-058,F06,P2,POST,/api/vps-monitor/start,/vps-monitor/start,todo,,
EP-059,F06,P2,GET,/api/vps-monitor/status,/vps-monitor/status,todo,,
EP-060,F06,P2,POST,/api/vps-monitor/stop,/vps-monitor/stop,todo,,
EP-061,F06,P2,GET,/api/vps-monitor/subscriptions,/vps-monitor/subscriptions,todo,,
EP-062,F06,P2,POST,/api/vps-monitor/subscriptions,/vps-monitor/subscriptions,todo,,
EP-063,F06,P2,DELETE,/api/vps-monitor/subscriptions/:subscription_id,/vps-monitor/subscriptions/:subscription_id,todo,,
EP-064,F06,P2,PUT,/api/vps-monitor/subscriptions/:subscription_id,/vps-monitor/subscriptions/:subscription_id,todo,,
EP-065,F06,P2,GET,/api/vps-monitor/subscriptions/:subscription_id/history,/vps-monitor/subscriptions/:subscription_id/history,todo,,
EP-066,F06,P2,DELETE,/api/vps-monitor/subscriptions/clear,/vps-monitor/subscriptions/clear,todo,,
EP-067,F07,P3,POST,/api/telegram/quick-order,/telegram/quick-order,todo,,
EP-068,F07,P3,POST,/api/telegram/register-commands,/telegram/register-commands,todo,,
EP-069,F07,P3,GET,/api/telegram/status,/telegram/status,todo,,
EP-070,F07,P3,GET,/api/telegram/verify,/telegram/verify,todo,,
EP-071,F08,P3,DELETE,/api/server-control/:service_name/alias,/servers/:service_name/alias,todo,,
EP-072,F08,P3,PUT,/api/server-control/:service_name/alias,/servers/:service_name/alias,todo,,
EP-073,F08,P3,DELETE,/api/server-control/:service_name/backup-cloud,/servers/:service_name/backup-cloud,todo,,
EP-074,F08,P3,GET,/api/server-control/:service_name/backup-cloud,/servers/:service_name/backup-cloud,todo,,
EP-075,F08,P3,POST,/api/server-control/:service_name/backup-cloud,/servers/:service_name/backup-cloud,todo,,
EP-076,F08,P3,GET,/api/server-control/:service_name/backup-cloud/offer-details,/servers/:service_name/backup-cloud/offer-details,todo,,
EP-077,F08,P3,POST,/api/server-control/:service_name/backup-cloud/password,/servers/:service_name/backup-cloud/password,todo,,
EP-078,F08,P3,DELETE,/api/server-control/:service_name/backup-ftp,/servers/:service_name/backup-ftp,todo,,
EP-079,F08,P3,GET,/api/server-control/:service_name/backup-ftp,/servers/:service_name/backup-ftp,todo,,
EP-080,F08,P3,POST,/api/server-control/:service_name/backup-ftp,/servers/:service_name/backup-ftp,todo,,
EP-081,F08,P3,DELETE,/api/server-control/:service_name/backup-ftp/access,/servers/:service_name/backup-ftp/access,todo,,
EP-082,F08,P3,GET,/api/server-control/:service_name/backup-ftp/access,/servers/:service_name/backup-ftp/access,todo,,
EP-083,F08,P3,POST,/api/server-control/:service_name/backup-ftp/access,/servers/:service_name/backup-ftp/access,todo,,
EP-084,F08,P3,DELETE,/api/server-control/:service_name/backup-ftp/access/:ip_block,/servers/:service_name/backup-ftp/access/:ip_block,todo,,
EP-085,F08,P3,GET,/api/server-control/:service_name/backup-ftp/authorizable-blocks,/servers/:service_name/backup-ftp/authorizable-blocks,todo,,
EP-086,F08,P3,POST,/api/server-control/:service_name/backup-ftp/password,/servers/:service_name/backup-ftp/password,todo,,
EP-087,F08,P3,GET,/api/server-control/:service_name/bios-settings,/servers/:service_name/bios-settings,todo,,
EP-088,F08,P3,GET,/api/server-control/:service_name/bios-settings/sgx,/servers/:service_name/bios-settings/sgx,todo,,
EP-089,F08,P3,GET,/api/server-control/:service_name/boot,/servers/:service_name/boot,todo,,
EP-090,F08,P3,GET,/api/server-control/:service_name/boot-mode,/servers/:service_name/boot-mode,todo,,
EP-091,F08,P3,PUT,/api/server-control/:service_name/boot-mode,/servers/:service_name/boot-mode,todo,,
EP-092,F08,P3,PUT,/api/server-control/:service_name/boot/:boot_id,/servers/:service_name/boot/:boot_id,todo,,
EP-093,F08,P3,GET,/api/server-control/:service_name/burst,/servers/:service_name/burst,todo,,
EP-094,F08,P3,PUT,/api/server-control/:service_name/burst,/servers/:service_name/burst,todo,,
EP-095,F08,P3,POST,/api/server-control/:service_name/change-contact,/servers/:service_name/change-contact,todo,,
EP-096,F08,P3,POST,/api/server-control/:service_name/confirm-termination,/servers/:service_name/confirm-termination,todo,,
EP-097,F08,P3,GET,/api/server-control/:service_name/console,/servers/:service_name/console,todo,,
EP-098,F08,P3,GET,/api/server-control/:service_name/engagement,/servers/:service_name/engagement,todo,,
EP-099,F08,P3,GET,/api/server-control/:service_name/engagement/available,/servers/:service_name/engagement/available,todo,,
EP-100,F08,P3,PUT,/api/server-control/:service_name/engagement/end-rule,/servers/:service_name/engagement/end-rule,todo,,
EP-101,F08,P3,DELETE,/api/server-control/:service_name/engagement/request,/servers/:service_name/engagement/request,todo,,
EP-102,F08,P3,GET,/api/server-control/:service_name/engagement/request,/servers/:service_name/engagement/request,todo,,
EP-103,F08,P3,POST,/api/server-control/:service_name/engagement/request,/servers/:service_name/engagement/request,todo,,
EP-104,F08,P3,GET,/api/server-control/:service_name/firewall,/servers/:service_name/firewall,todo,,
EP-105,F08,P3,PUT,/api/server-control/:service_name/firewall,/servers/:service_name/firewall,todo,,
EP-106,F08,P3,GET,/api/server-control/:service_name/hardware,/servers/:service_name/hardware,todo,,
EP-107,F08,P3,GET,/api/server-control/:service_name/hardware-disk-info,/servers/:service_name/hardware-disk-info,todo,,
EP-108,F08,P3,GET,/api/server-control/:service_name/hardware-raid-profiles,/servers/:service_name/hardware-raid-profiles,todo,,
EP-109,F08,P3,POST,/api/server-control/:service_name/hardware/replace,/servers/:service_name/hardware/replace,todo,,
EP-110,F08,P3,POST,/api/server-control/:service_name/install,/servers/:service_name/install,todo,,
EP-111,F08,P3,GET,/api/server-control/:service_name/install/status,/servers/:service_name/install/status,todo,,
EP-112,F08,P3,GET,/api/server-control/:service_name/interventions,/servers/:service_name/interventions,todo,,
EP-113,F08,P3,GET,/api/server-control/:service_name/interventions/:intervention_id,/servers/:service_name/interventions/:intervention_id,todo,,
EP-114,F08,P3,GET,/api/server-control/:service_name/ip-specs,/servers/:service_name/ip-specs,todo,,
EP-115,F08,P3,GET,/api/server-control/:service_name/ip/can-be-moved-to,/servers/:service_name/ip/can-be-moved-to,todo,,
EP-116,F08,P3,GET,/api/server-control/:service_name/ip/country-available,/servers/:service_name/ip/country-available,todo,,
EP-117,F08,P3,POST,/api/server-control/:service_name/ip/move,/servers/:service_name/ip/move,todo,,
EP-118,F08,P3,GET,/api/server-control/:service_name/ipmi-types,/servers/:service_name/ipmi-types,todo,,
EP-119,F08,P3,GET,/api/server-control/:service_name/ips,/servers/:service_name/ips,todo,,
EP-120,F08,P3,GET,/api/server-control/:service_name/license/windows-sql/compliant,/servers/:service_name/license/windows-sql/compliant,todo,,
EP-121,F08,P3,GET,/api/server-control/:service_name/license/windows/compliant,/servers/:service_name/license/windows/compliant,todo,,
EP-122,F08,P3,GET,/api/server-control/:service_name/mitigation,/servers/:service_name/mitigation,todo,,
EP-123,F08,P3,DELETE,/api/server-control/:service_name/mitigation/:ip,/servers/:service_name/mitigation/:ip,todo,,
EP-124,F08,P3,POST,/api/server-control/:service_name/mitigation/:ip,/servers/:service_name/mitigation/:ip,todo,,
EP-125,F08,P3,GET,/api/server-control/:service_name/monitoring,/servers/:service_name/monitoring,todo,,
EP-126,F08,P3,PUT,/api/server-control/:service_name/monitoring,/servers/:service_name/monitoring,todo,,
EP-127,F08,P3,GET,/api/server-control/:service_name/mrtg,/servers/:service_name/mrtg,todo,,
EP-128,F08,P3,GET,/api/server-control/:service_name/network-interfaces,/servers/:service_name/network-interfaces,todo,,
EP-129,F08,P3,GET,/api/server-control/:service_name/network-specs,/servers/:service_name/network-specs,todo,,
EP-130,F08,P3,GET,/api/server-control/:service_name/network-stats,/servers/:service_name/network-stats,todo,,
EP-131,F08,P3,POST,/api/server-control/:service_name/ola/aggregation,/servers/:service_name/ola/aggregation,todo,,
EP-132,F08,P3,POST,/api/server-control/:service_name/ola/group,/servers/:service_name/ola/group,todo,,
EP-133,F08,P3,POST,/api/server-control/:service_name/ola/reset,/servers/:service_name/ola/reset,todo,,
EP-134,F08,P3,POST,/api/server-control/:service_name/ola/ungroup,/servers/:service_name/ola/ungroup,todo,,
EP-135,F08,P3,GET,/api/server-control/:service_name/ongoing,/servers/:service_name/ongoing,todo,,
EP-136,F08,P3,GET,/api/server-control/:service_name/options,/servers/:service_name/options,todo,,
EP-137,F08,P3,GET,/api/server-control/:service_name/orderable/bandwidth,/servers/:service_name/orderable/bandwidth,todo,,
EP-138,F08,P3,GET,/api/server-control/:service_name/orderable/ip,/servers/:service_name/orderable/ip,todo,,
EP-139,F08,P3,GET,/api/server-control/:service_name/orderable/traffic,/servers/:service_name/orderable/traffic,todo,,
EP-140,F08,P3,GET,/api/server-control/:service_name/partition-schemes,/servers/:service_name/partition-schemes,todo,,
EP-141,F08,P3,GET,/api/server-control/:service_name/planned-interventions,/servers/:service_name/planned-interventions,todo,,
EP-142,F08,P3,GET,/api/server-control/:service_name/planned-interventions/:intervention_id,/servers/:service_name/planned-interventions/:intervention_id,todo,,
EP-143,F08,P3,POST,/api/server-control/:service_name/reboot,/servers/:service_name/reboot,todo,,
EP-144,F08,P3,GET,/api/server-control/:service_name/reverse,/servers/:service_name/reverse,todo,,
EP-145,F08,P3,POST,/api/server-control/:service_name/reverse,/servers/:service_name/reverse,todo,,
EP-146,F08,P3,DELETE,/api/server-control/:service_name/reverse/:ip,/servers/:service_name/reverse/:ip,todo,,
EP-147,F08,P3,GET,/api/server-control/:service_name/secondary-dns,/servers/:service_name/secondary-dns,todo,,
EP-148,F08,P3,POST,/api/server-control/:service_name/secondary-dns,/servers/:service_name/secondary-dns,todo,,
EP-149,F08,P3,DELETE,/api/server-control/:service_name/secondary-dns/:domain,/servers/:service_name/secondary-dns/:domain,todo,,
EP-150,F08,P3,GET,/api/server-control/:service_name/serviceinfo,/servers/:service_name/serviceinfo,todo,,
EP-151,F08,P3,PUT,/api/server-control/:service_name/serviceinfo/renewal,/servers/:service_name/serviceinfo/renewal,todo,,
EP-152,F08,P3,GET,/api/server-control/:service_name/spla,/servers/:service_name/spla,todo,,
EP-153,F08,P3,POST,/api/server-control/:service_name/spla,/servers/:service_name/spla,todo,,
EP-154,F08,P3,GET,/api/server-control/:service_name/statistics,/servers/:service_name/statistics,todo,,
EP-155,F08,P3,GET,/api/server-control/:service_name/tasks,/servers/:service_name/tasks,todo,,
EP-156,F08,P3,GET,/api/server-control/:service_name/tasks/:task_id/available-timeslots,/servers/:service_name/tasks/:task_id/available-timeslots,todo,,
EP-157,F08,P3,POST,/api/server-control/:service_name/tasks/:task_id/schedule,/servers/:service_name/tasks/:task_id/schedule,todo,,
EP-158,F08,P3,GET,/api/server-control/:service_name/templates,/servers/:service_name/templates,todo,,
EP-159,F08,P3,POST,/api/server-control/:service_name/terminate,/servers/:service_name/terminate,todo,,
EP-160,F08,P3,PUT,/api/server-control/:service_name/termination-policy,/servers/:service_name/termination-policy,todo,,
EP-161,F08,P3,GET,/api/server-control/:service_name/virtual-mac,/servers/:service_name/virtual-mac,todo,,
EP-162,F08,P3,POST,/api/server-control/:service_name/virtual-mac,/servers/:service_name/virtual-mac,todo,,
EP-163,F08,P3,GET,/api/server-control/:service_name/virtual-network-interface,/servers/:service_name/virtual-network-interface,todo,,
EP-164,F08,P3,POST,/api/server-control/:service_name/virtual-network-interface/:uuid/disable,/servers/:service_name/virtual-network-interface/:uuid/disable,todo,,
EP-165,F08,P3,POST,/api/server-control/:service_name/virtual-network-interface/:uuid/enable,/servers/:service_name/virtual-network-interface/:uuid/enable,todo,,
EP-166,F08,P3,GET,/api/server-control/:service_name/vrack,/servers/:service_name/vrack,todo,,
EP-167,F08,P3,DELETE,/api/server-control/:service_name/vrack/:vrack,/servers/:service_name/vrack/:vrack,todo,,
EP-168,F08,P3,GET,/api/server-control/aliases,/servers/aliases,todo,,
EP-169,F08,P3,GET,/api/server-control/list,/servers/list,todo,,
EP-170,F08,P3,GET,/api/server-control/order-mapping,/servers/order-mapping,todo,,
EP-171,F09,P3,GET,/api/vps-control/:service_name/automated-backup,/vps/:service_name/automated-backup,todo,,
EP-172,F09,P3,POST,/api/vps-control/:service_name/change-contact,/vps/:service_name/change-contact,todo,,
EP-173,F09,P3,POST,/api/vps-control/:service_name/confirm-termination,/vps/:service_name/confirm-termination,todo,,
EP-174,F09,P3,POST,/api/vps-control/:service_name/console,/vps/:service_name/console,todo,,
EP-175,F09,P3,GET,/api/vps-control/:service_name/current-os,/vps/:service_name/current-os,todo,,
EP-176,F09,P3,GET,/api/vps-control/:service_name/datacenter,/vps/:service_name/datacenter,todo,,
EP-177,F09,P3,GET,/api/vps-control/:service_name/engagement,/vps/:service_name/engagement,todo,,
EP-178,F09,P3,GET,/api/vps-control/:service_name/engagement/available,/vps/:service_name/engagement/available,todo,,
EP-179,F09,P3,PUT,/api/vps-control/:service_name/engagement/end-rule,/vps/:service_name/engagement/end-rule,todo,,
EP-180,F09,P3,DELETE,/api/vps-control/:service_name/engagement/request,/vps/:service_name/engagement/request,todo,,
EP-181,F09,P3,GET,/api/vps-control/:service_name/engagement/request,/vps/:service_name/engagement/request,todo,,
EP-182,F09,P3,POST,/api/vps-control/:service_name/engagement/request,/vps/:service_name/engagement/request,todo,,
EP-183,F09,P3,GET,/api/vps-control/:service_name/info,/vps/:service_name/info,todo,,
EP-184,F09,P3,GET,/api/vps-control/:service_name/ips,/vps/:service_name/ips,todo,,
EP-185,F09,P3,PUT,/api/vps-control/:service_name/ips/:ip/reverse,/vps/:service_name/ips/:ip/reverse,todo,,
EP-186,F09,P3,GET,/api/vps-control/:service_name/mitigation,/vps/:service_name/mitigation,todo,,
EP-187,F09,P3,DELETE,/api/vps-control/:service_name/mitigation/:ip,/vps/:service_name/mitigation/:ip,todo,,
EP-188,F09,P3,POST,/api/vps-control/:service_name/mitigation/:ip,/vps/:service_name/mitigation/:ip,todo,,
EP-189,F09,P3,GET,/api/vps-control/:service_name/options,/vps/:service_name/options,todo,,
EP-190,F09,P3,DELETE,/api/vps-control/:service_name/options/:option,/vps/:service_name/options/:option,todo,,
EP-191,F09,P3,POST,/api/vps-control/:service_name/password,/vps/:service_name/password,todo,,
EP-192,F09,P3,POST,/api/vps-control/:service_name/reboot,/vps/:service_name/reboot,todo,,
EP-193,F09,P3,POST,/api/vps-control/:service_name/rebuild,/vps/:service_name/rebuild,todo,,
EP-194,F09,P3,GET,/api/vps-control/:service_name/secondary-dns,/vps/:service_name/secondary-dns,todo,,
EP-195,F09,P3,POST,/api/vps-control/:service_name/secondary-dns,/vps/:service_name/secondary-dns,todo,,
EP-196,F09,P3,DELETE,/api/vps-control/:service_name/secondary-dns/:domain,/vps/:service_name/secondary-dns/:domain,todo,,
EP-197,F09,P3,GET,/api/vps-control/:service_name/serviceinfo,/vps/:service_name/serviceinfo,todo,,
EP-198,F09,P3,PUT,/api/vps-control/:service_name/serviceinfo/renewal,/vps/:service_name/serviceinfo/renewal,todo,,
EP-199,F09,P3,DELETE,/api/vps-control/:service_name/snapshot,/vps/:service_name/snapshot,todo,,
EP-200,F09,P3,GET,/api/vps-control/:service_name/snapshot,/vps/:service_name/snapshot,todo,,
EP-201,F09,P3,POST,/api/vps-control/:service_name/snapshot,/vps/:service_name/snapshot,todo,,
EP-202,F09,P3,PUT,/api/vps-control/:service_name/snapshot,/vps/:service_name/snapshot,todo,,
EP-203,F09,P3,POST,/api/vps-control/:service_name/snapshot/revert,/vps/:service_name/snapshot/revert,todo,,
EP-204,F09,P3,POST,/api/vps-control/:service_name/start,/vps/:service_name/start,todo,,
EP-205,F09,P3,GET,/api/vps-control/:service_name/status,/vps/:service_name/status,todo,,
EP-206,F09,P3,POST,/api/vps-control/:service_name/stop,/vps/:service_name/stop,todo,,
EP-207,F09,P3,GET,/api/vps-control/:service_name/tasks,/vps/:service_name/tasks,todo,,
EP-208,F09,P3,GET,/api/vps-control/:service_name/tasks/:task_id,/vps/:service_name/tasks/:task_id,todo,,
EP-209,F09,P3,GET,/api/vps-control/:service_name/templates,/vps/:service_name/templates,todo,,
EP-210,F09,P3,POST,/api/vps-control/:service_name/terminate,/vps/:service_name/terminate,todo,,
EP-211,F09,P3,PUT,/api/vps-control/:service_name/termination-policy,/vps/:service_name/termination-policy,todo,,
EP-212,F09,P3,GET,/api/vps-control/list,/vps/list,todo,,
EP-213,F10,P3,DELETE,/api/logs,/logs,todo,,
EP-214,F10,P3,GET,/api/logs,/logs,todo,,
EP-215,F10,P3,POST,/api/logs/flush,/logs/flush,todo,,
EP-216,F10,P3,GET,/api/notify/channels,/notify/channels,todo,,
EP-217,F11,P3,POST,/api/cache/clear,/cache/clear,todo,,
EP-218,F11,P3,GET,/api/cache/info,/cache/info,todo,,
EP-219,F11,P3,GET,/api/health,/health,wip,,
EP-220,F11,P3,GET,/api/settings,/settings,todo,,
EP-221,F11,P3,POST,/api/settings,/settings,todo,,
EP-222,F11,P3,GET,/api/stats,/stats,todo,,
EP-223,F11,P3,GET,/api/system/metrics,/system/metrics,todo,,
EP-224,F11,P3,GET,/api/version,/version,todo,,
EP-225,F11,P3,GET,/api/version/check-update,/version/check-update,todo,,
EP-226,F11,P3,POST,/api/version/update,/version/update,todo,,
EP-227,F11,P3,GET,/api/version/update/status,/version/update/status,todo,,
EP-228,F11,P3,GET,/health,/health,wip,,
